"Screen_Tech","Mean(Avg_mode_power)"
"OLED",199.66195652173909
"LCD",204.32767431597506
